iteration,time_sampling,stoc_pol_mean,stoc_pol_std,stoc_pol_max,stoc_pol_min,alpha,delta,time_vpg,time_npg,kl_dist,surr_improvement,running_score,success_rate,num_samples,time_VF,VF_error_before,VF_error_after,eval_score
0,465.6943783760071,-45.24212831200931,23.949143025165686,191.8131214535447,-48.67988428688028,80.67484532598594,0.05,0.27399444580078125,4.844508647918701,0.02468679,0.06884401,-45.24212831200931,0.0,40000,8.32562780380249,1.001429225246729,0.2838969706200001,-18.833425831134367
1,468.64052391052246,-45.45792206371578,21.746263927112736,134.0676974123732,-48.683289960275026,81.38904692057191,0.05,0.2706010341644287,4.742918491363525,0.02506029,0.067277804,-45.26370768717996,0.0,40000,10.307581424713135,0.3437974313762059,0.22122587028456836,11.539054648966856
2,465.9003760814667,-45.16501386143631,29.977368834350226,317.4980428941222,-48.686470706392754,73.06739299499239,0.05,0.2710702419281006,4.79131555557251,0.0251785,0.09414863,-45.253838304605594,0.0,40000,11.358198881149292,0.4204047264199682,0.3541729686096024,76.4684171095681
3,463.08736872673035,-45.863835366658606,19.314268207959564,147.3099669464958,-48.68635988999568,81.18591882541668,0.05,0.2746410369873047,4.686203241348267,0.024965778,0.06843795,-45.3148380108109,0.0,40000,11.95530390739441,0.2696850501669276,0.21240589350122996,99.32321334536019
4,470.47374868392944,-44.64945939298255,21.86786705179269,119.68893320137647,-48.68247149968316,86.28428505206496,0.05,0.2748281955718994,4.808148384094238,0.024675157,0.070635416,-45.24830014902807,0.0,40000,12.537561178207397,0.28638189032478606,0.26247268067854035,80.71473936523157
5,463.92741417884827,-36.66034201939237,69.81644122104704,841.5103709253233,-48.68720155883138,51.56201155405589,0.05,0.2727241516113281,4.76876974105835,0.02463125,0.2766232,-44.389504336064505,0.0,40000,12.871115684509277,0.8162471703489047,0.6857447693801781,91.01891656558163
6,471.41234850883484,-30.645977787475804,105.66583921520613,1308.140191785611,-48.6771278821725,59.67220648597717,0.05,0.2745511531829834,4.72104024887085,0.024562493,0.27764872,-43.01515168120564,0.5,40000,13.264878273010254,0.8220517464376018,0.7252921554183404,135.20043018104724
7,467.61726093292236,-35.05070516158232,62.08140852603189,589.4843680288635,-48.67711569845074,70.29148863815526,0.05,0.27366018295288086,4.8093297481536865,0.024915522,0.083246045,-42.21870702924331,0.0,40000,13.30997085571289,0.8444660407949952,0.6265699875561311,153.90937035351004
8,467.05324840545654,-22.326457394893115,156.1412091887256,1218.33239636162,-48.68903126281943,54.42336909304866,0.05,0.2778961658477783,4.73975396156311,0.025165344,0.17079611,-40.2294820658083,1.5,40000,13.317538499832153,0.7948798745341223,0.5576039352300433,226.94957461252866
9,471.19731068611145,-29.11047913892773,111.09888689699729,1190.31446462874,-48.681196009487486,71.54194077877192,0.05,0.28063392639160156,4.7094762325286865,0.024774147,0.07273455,-39.11758177312024,1.0,40000,13.036542177200317,0.8991036616246362,0.6927981307906135,210.60922518637597
10,462.8881514072418,-19.712926824468795,135.93575954220498,1560.1191867040857,-48.6826610802149,63.39494730248426,0.05,0.27571988105773926,4.679045677185059,0.025121393,0.10289959,-37.1771162782551,1.0,40000,12.638495206832886,0.7941070101383952,0.6983757964837074,283.78550055117273
11,470.5704560279846,-20.84200442503864,131.86322616383342,1192.3758565009962,-48.68308527056343,70.45649078961698,0.05,0.274489164352417,4.715495824813843,0.024820762,0.091929935,-35.543605092933454,1.0,40000,12.649712562561035,0.7515675289744481,0.6644656285730116,284.51054141309504
12,467.312659740448,12.465180080873468,232.66572070396595,1643.711141396871,-48.68051653020976,67.11691181096066,0.05,0.27570104598999023,4.657685041427612,0.024887845,0.07880999,-30.742726575552762,3.5,40000,12.368556261062622,0.6907110093897654,0.5700604770776135,303.1130173902791
13,465.19614601135254,16.074461360094993,239.21159089297888,1548.5282799457657,-48.684677125349545,68.65267363620806,0.05,0.2698042392730713,4.775541543960571,0.024918068,0.07592815,-26.061007781987986,3.0,40000,12.673090696334839,0.654047227516401,0.5676114684509632,273.2770392058562
14,468.22779417037964,63.9780535153253,343.5913769725569,2047.3337461140597,-48.67980470672151,71.5846566983899,0.05,0.2763631343841553,4.83962869644165,0.024998466,0.078296356,-17.05710165225666,5.5,40000,12.802414417266846,0.5900600424201174,0.5207658567678638,438.4359592096335
15,469.40730834007263,41.02206062088288,268.2094841003819,1552.201728286315,-48.684742297866975,69.31743805990371,0.05,0.274686336517334,4.79300594329834,0.025159992,0.066769846,-11.249185424942706,4.0,40000,12.393979787826538,0.6172540509949541,0.5268392070978831,352.62357708049325
16,463.5910346508026,158.04584671897072,444.6977804740303,1845.7972617381497,-48.67620588414167,74.1555984496517,0.05,0.271373987197876,4.47567892074585,0.02506633,0.07027195,5.6803177894486385,12.5,40000,12.526488304138184,0.5182510111296659,0.43941181533570794,410.29018184020845
17,464.8534195423126,91.42287329316405,355.90768154778294,1679.1509377270893,-48.68107867660059,72.10285623026596,0.05,0.2723524570465088,4.5147705078125,0.024723053,0.066665724,14.25457333982018,7.5,40000,12.767371416091919,0.5690766868961648,0.46187032627665203,489.2284363727873
18,465.35418939590454,136.648725218987,382.8995895154533,1840.1817972259387,-48.68192861859322,75.41913721072629,0.05,0.27371740341186523,4.8469483852386475,0.024975874,0.066762045,26.493988527736864,8.0,40000,12.899356842041016,0.5096611650990149,0.4354394093605416,555.696964680951
19,470.9572377204895,145.35686674445478,425.66005379612,1875.4757687500169,-48.67998943059909,76.94138203596788,0.05,0.2779083251953125,4.817321062088013,0.025046082,0.06635242,38.38027634940866,10.5,40000,12.634511232376099,0.47961324182940235,0.40816158785084583,679.4378089603264
20,465.57303762435913,296.9303442594823,537.1748626480351,1919.5240949410388,-48.681706552529825,75.36143612628808,0.05,0.2748301029205322,4.749284982681274,0.024944337,0.06562943,64.23528314041603,18.5,40000,12.381389856338501,0.42172630244472353,0.3355186426839231,617.2118134176696
21,469.64747071266174,217.36312810395805,449.60858317367627,1995.0270019205016,-48.675753757118706,76.23316276018465,0.05,0.27591514587402344,4.75819730758667,0.02503988,0.06362815,79.54806763677023,14.5,40000,12.762428283691406,0.42694591454348463,0.3681350618779204,818.9241730744524
22,467.66004705429077,369.75115876007163,606.6055983978512,2240.040121654856,-48.68155696019339,81.77409572371182,0.05,0.2749485969543457,4.743021726608276,0.024919506,0.060895294,108.56837674910037,22.0,40000,12.869433879852295,0.340671488179736,0.2889527715205897,944.9854585524902
23,463.5927200317383,398.4404769404129,615.0872920782549,1977.9541298815725,-48.696751886022945,80.49072957171062,0.05,0.27440452575683594,4.7448272705078125,0.024921061,0.06284333,137.55558676823162,25.5,40000,12.453826665878296,0.32336869748141295,0.27234172609241986,951.605605864978
24,465.47195410728455,473.6620179155501,605.4386054346435,1930.6436315247595,-48.68826530588398,77.2694466398497,0.05,0.27329516410827637,4.771756887435913,0.024997786,0.06369687,171.16622988296348,31.0,40000,11.813206672668457,0.28980508840445707,0.2480031918395923,1068.3614183230484
25,466.8936312198639,568.9332497695576,664.841392333482,2134.153954671287,-48.689683049765456,82.66291004540498,0.05,0.27749204635620117,4.781515121459961,0.025098374,0.059850994,210.9429318716229,33.5,40000,12.066431760787964,0.24229889070265728,0.2114268847792435,1122.7489204643746
26,473.72909784317017,656.0304076257916,686.5445726168687,2107.92867945983,-48.687569856427295,79.67366337822509,0.05,0.27222514152526855,4.8150999546051025,0.025107678,0.06178018,255.45167944703977,40.5,40000,11.921865463256836,0.22927324759952902,0.19728178570549232,1167.1344960708773
27,466.16853523254395,756.6667448214005,704.9545071813765,2092.814826741442,-48.68391613023815,84.06008829546201,0.05,0.2738487720489502,4.766106843948364,0.025142316,0.058866326,305.57318598447586,43.5,40000,12.029719352722168,0.2022511487300385,0.16459486712299776,1261.387961181302
28,470.2091841697693,887.9253475840806,711.6798179244705,2124.0989707478752,-48.68099830306143,84.19531192728338,0.05,0.2745490074157715,4.795174598693848,0.025081314,0.058566283,363.80840214443634,50.5,40000,11.759116649627686,0.18145749465272434,0.141409690725513,1162.4838726555563
29,470.9806807041168,922.3872978783427,757.7456314923704,2280.257542334719,-48.69305967845976,84.49101119937639,0.05,0.2747306823730469,4.632466077804565,0.02504431,0.057584092,419.666291717827,48.5,40000,11.825814962387085,0.1685109157936796,0.1489239830827007,1216.785581447357
30,470.94516134262085,1069.7669220762693,766.4841741981737,2316.4940316381067,-48.69131840403732,87.2024640827948,0.05,0.2707233428955078,4.772437334060669,0.025134379,0.05692913,484.67635475367126,59.0,40000,12.29133129119873,0.13250095955797503,0.11374117902059235,1335.2778789512
31,471.7228274345398,1129.2258987554765,751.8992402591235,2336.349697921977,-48.68715491458209,86.57329919613552,0.05,0.24595165252685547,4.5860984325408936,0.025160406,0.055511884,549.1313091538518,58.5,40000,12.28790545463562,0.12861384669283196,0.11363546352642817,1384.2479370380142
32,466.6081631183624,1279.9857316133232,704.7686318000799,2486.0222548286297,-48.68118058325842,86.01542980316971,0.05,0.2699098587036133,4.722209453582764,0.02489133,0.05642141,622.216751399799,65.0,40000,12.416447877883911,0.10673472250363497,0.09218349032510263,1452.6027528228528
33,466.3728303909302,1189.4754741901152,712.1655687447184,2262.3156849707975,-48.68459283773632,88.59635327469955,0.05,0.2767794132232666,4.772526979446411,0.02520533,0.05526103,678.9426236788306,64.0,40000,12.473156690597534,0.10523856396898436,0.0911128217009175,1504.8554899127357
34,473.57036662101746,1246.104381090657,755.792069285621,2258.0762773781576,-48.68694971590053,88.00232430861668,0.05,0.27631664276123047,4.720703363418579,0.025123633,0.054893415,735.6587994200133,64.5,40000,12.09183669090271,0.10322115201533164,0.08783983693613032,1436.2566993010385
35,468.13072180747986,1398.240969689496,691.0191517702488,2371.2537407610384,-48.686190132521524,93.6646848071857,0.05,0.2758140563964844,4.717583417892456,0.025118185,0.05138052,801.9170164469617,70.0,40000,11.91948652267456,0.08254347980476529,0.07152810949799152,1577.31592505643
36,465.9800717830658,1373.040619796492,722.5364024530841,2393.0946443846374,-48.691150641673644,89.59534731867947,0.05,0.27414560317993164,4.7425312995910645,0.024716754,0.052894644,859.0293767819147,68.5,40000,12.477160692214966,0.08996686498257038,0.07869946330443518,1765.9924853316595
37,464.02188897132874,1530.8264295127447,746.1790933822364,2413.416570039049,-48.687409906206234,91.99006640764685,0.05,0.2754395008087158,4.702362775802612,0.025035491,0.0520835,926.2090820549977,76.0,40000,12.77269721031189,0.0752168531396834,0.06224935286557285,1795.8245324017346
38,466.0775980949402,1579.0510339661507,690.1517921794017,2427.608445154575,-48.68752640643514,91.70262935470079,0.05,0.27585864067077637,4.803849458694458,0.024828006,0.0535353,991.493277246113,75.5,40000,12.57001519203186,0.07797219693695345,0.06149810988068264,1896.2368139754187
39,467.54750990867615,1611.1843725740646,663.1742888881855,2374.7974181483496,-48.68688378267786,90.41264975909134,0.05,0.27283406257629395,4.755774259567261,0.02487374,0.052178055,1053.4623867789082,79.0,40000,12.524021863937378,0.060231550335832745,0.055364342752892544,1814.2932789437195
40,466.1315333843231,1609.4436934035557,726.3262710272664,2498.1719031478915,-48.68326394048894,92.54827147349843,0.05,0.27281928062438965,4.687175273895264,0.02498612,0.050632074,1109.0605174413731,75.5,40000,12.527633428573608,0.07392999168934769,0.06284992566034261,1885.6928134955422
41,464.81628942489624,1709.9060969756597,641.3093494713561,2393.0406461463085,-48.694895679560894,90.91773164385243,0.05,0.27216148376464844,4.715307950973511,0.025148163,0.052520476,1169.1450753948018,82.0,40000,12.658759355545044,0.053783610969852035,0.04261431127801716,1951.8383067971197
42,466.5953269004822,1756.8544203009492,615.2339647187979,2611.3361691798855,-48.69553674690893,89.05298808526582,0.05,0.2722594738006592,4.697999715805054,0.025064562,0.052663893,1227.9160098854165,80.5,40000,12.28053069114685,0.05185825629123209,0.04640438815318697,1983.560460516263
43,469.99797081947327,1790.393677806568,629.6727168231324,2546.803758682743,-48.68205846297349,89.63637564186229,0.05,0.2734217643737793,4.809812784194946,0.02504812,0.051755134,1284.1637766775316,83.5,40000,12.450520992279053,0.04848776530455414,0.04261919981244384,2049.839673907586
44,466.7212963104248,1755.9739003544144,702.0407714177603,2609.587990221675,-48.69139288991649,93.19288396426089,0.05,0.25513195991516113,4.634610176086426,0.024974374,0.050972443,1331.3447890452198,82.0,40000,12.39593768119812,0.06199854123199196,0.053145143906234135,1983.0802412568278
45,471.07285261154175,1817.988518578959,676.4795580970863,2433.24679942745,-48.688821383666244,91.75857949494576,0.05,0.2741408348083496,4.710798978805542,0.025055476,0.051168974,1380.0091619985938,81.0,40000,11.800574779510498,0.04734410636020269,0.03800523111256731,1935.298844635125
46,467.3029935359955,1784.1676917356124,706.490421333164,2498.176262296648,-48.68914525033805,91.32886429853161,0.05,0.27222561836242676,4.723164081573486,0.025047766,0.052326903,1420.4250149722957,77.5,40000,11.649017810821533,0.05242409502542928,0.045088194592322065,2035.793733046877
47,471.15184450149536,1832.31269223631,713.137775401144,2516.2686066509764,-48.69025585020766,89.08851631210554,0.05,0.26989197731018066,4.775460720062256,0.025166286,0.053549174,1461.6137826986972,82.0,40000,12.243606328964233,0.04780641691180787,0.04046522178813118,2062.850827047166
48,466.6528630256653,1879.7666070739174,671.631134045504,2555.0758989113842,-48.687795775772706,91.03671127778064,0.05,0.2729761600494385,4.744205713272095,0.02503275,0.05252256,1503.4290651362194,82.0,40000,12.587513208389282,0.04436010368509415,0.03954448125228821,2069.498750349306
49,473.3870949745178,1862.6548470819894,719.811754466727,2579.4066031728403,-48.69768554346963,88.71922758039186,0.05,0.27279162406921387,4.751548767089844,0.02486226,0.05297138,1539.3516433307964,82.5,40000,12.835957765579224,0.04776483569251432,0.03988851553688101,2112.9563635307795
50,471.138836145401,1927.0906359539604,665.432884244908,2658.418375417697,-48.701123173225675,94.84865010917345,0.05,0.250948429107666,4.60134220123291,0.025231479,0.049271725,1578.1255425931126,82.5,40000,12.775758981704712,0.045833525930216217,0.03973959006308651,2000.8485428664148
51,467.11471033096313,1960.2750696687756,708.9926110179882,2693.227354413732,-48.71767152725118,92.94741174341864,0.05,0.2601494789123535,4.623308420181274,0.025074555,0.050990175,1616.340495300679,83.0,40000,12.277913331985474,0.040803097668877596,0.033764015405128606,2194.580281192377
52,467.48043394088745,1994.6134785867534,661.852017335047,2718.7304546429114,-48.68880465688348,91.03969982002299,0.05,0.24991440773010254,4.667906045913696,0.025178708,0.05120363,1654.1677936292867,85.0,40000,12.398613691329956,0.040457367923003126,0.0363782205832692,2199.399841667906
53,473.42698979377747,1919.8215745812424,729.7390830673298,2658.4164909973256,-48.68974903457206,89.68130431218958,0.05,0.2759432792663574,4.833227157592773,0.025167875,0.051758,1680.7331717244824,80.5,40000,12.592832326889038,0.052633348965184526,0.043453762937134134,2190.693917261499
54,469.15776920318604,2040.264714585513,597.2967413386697,2684.1905060230833,-48.69365139681641,89.88117900470722,0.05,0.2741086483001709,4.7501161098480225,0.02494756,0.052050542,1716.6863260105856,88.5,40000,12.494016170501709,0.03172306534373448,0.02731067329381069,2254.967352742464
55,467.4232339859009,2107.0130956382177,536.9814619552013,2646.082839099439,-48.56782857358541,87.7800101414066,0.05,0.2740292549133301,4.617203235626221,0.024967054,0.054098565,1755.7190029733488,88.0,40000,12.49368953704834,0.031085996686388274,0.027148799742723342,2244.0602950769003
56,465.8347420692444,2112.324627872735,542.1488671227899,2587.358893195764,-48.6925035862552,92.76855951872646,0.05,0.2747640609741211,4.751549959182739,0.024953514,0.04951479,1791.3795654632875,89.0,40000,12.669861316680908,0.024597463720785993,0.020656209472277715,2314.7452165587442
57,465.5886433124542,2155.2650933377417,543.811655142843,2666.1560129503714,-48.69183363534749,89.38439897141046,0.05,0.2796518802642822,4.806575298309326,0.024721302,0.049915876,1827.7681182507329,90.5,40000,12.729893207550049,0.02657739330911343,0.022851306002153415,2307.3232060678115
58,465.9274003505707,2171.818630253109,542.8997038049309,2767.347560556141,-48.71773962574187,94.95935414368427,0.05,0.27463626861572266,4.795152902603149,0.02519463,0.04765498,1862.1731694509704,90.0,40000,11.951373100280762,0.026002695426210604,0.020830372279615813,2193.5810374633597
59,472.87380743026733,2187.5697907551485,471.52985637188783,2751.40164959514,-48.68823804891933,90.77133943409564,0.05,0.2745544910430908,4.7059385776519775,0.025052011,0.05297386,1894.7128315813882,91.0,40000,12.275046110153198,0.021239146695626793,0.016849957338529564,2358.7032185749417
60,472.2655646800995,2154.8424790431072,670.965788163783,2686.590777651744,-48.697227037386796,91.03664951996568,0.05,0.27288103103637695,4.75356125831604,0.02469016,0.05059528,1920.7257963275601,87.5,40000,12.688745260238647,0.03837999611845284,0.030670035981648247,2321.778205091949
61,470.731960773468,2227.0717679067648,558.4655186899074,2785.1891641337866,-48.69746164338419,87.37612429397265,0.05,0.27743029594421387,4.662188529968262,0.025088895,0.054557115,1951.3603934854805,90.5,40000,13.137880325317383,0.024940736543530514,0.020800048979709825,2408.048897783899
62,468.22416639328003,2225.629810584401,606.8182479809266,2762.952681066494,-48.69249497586775,88.91645185775413,0.05,0.27898597717285156,4.660926580429077,0.025368793,0.051962283,1978.7873351953726,89.5,40000,12.798592329025269,0.0258577290239775,0.022998169055473337,2424.148475267882
63,468.6224434375763,2314.4718555108357,462.20077528683925,2759.2959127571844,-48.69085853841594,90.65294870983578,0.05,0.2778463363647461,4.636324167251587,0.025069635,0.053505134,2012.355787226919,94.5,40000,12.754256248474121,0.02018936820652174,0.013053454717123136,2426.075412596031
64,469.7748794555664,2356.9975534155656,412.8627641499779,2828.085406496993,-48.692579308959566,90.56046834721094,0.05,0.27338409423828125,4.691775798797607,0.02493631,0.052053344,2046.8199638457836,95.0,40000,12.966744422912598,0.012541567061531173,0.01045548325838956,2466.0408866640655
65,464.7737765312195,2361.4844418469056,436.95733373301283,2835.8255016901458,-48.720532864908336,89.61623736105209,0.05,0.27431392669677734,4.699195623397827,0.025056845,0.050451674,2078.286411645896,94.5,40000,12.99309229850769,0.013315201192040398,0.010557795876513572,2467.268069211729
66,466.0628983974457,2339.7556125259707,519.6182160046756,2842.311415626802,-48.69163036458684,88.30264440859764,0.05,0.2621276378631592,4.646915435791016,0.024813265,0.049774647,2104.4333317339033,93.5,40000,12.639315605163574,0.01801440265571457,0.013807230184307127,2473.3438257618086
67,468.54712653160095,2335.4044366330963,521.7181273950303,2854.18316191493,-48.69462448981871,88.89525820706298,0.05,0.26168131828308105,4.6733012199401855,0.025036165,0.0529102,2127.530442223823,94.0,40000,12.711472749710083,0.019309705594235154,0.015121123451898305,2442.4467911353636
68,466.01093220710754,2332.0441255392548,552.795812008675,2789.833009248086,-48.690873119541266,92.92826506854072,0.05,0.2540314197540283,4.3124377727508545,0.024949832,0.050668016,2147.981810555366,92.0,40000,13.007555961608887,0.024606853769867636,0.019846278820890195,2493.3316655997683
69,471.80604696273804,2365.084896673741,479.27714355515013,2878.4172350334766,-46.57881697007652,94.02629522113715,0.05,0.24430394172668457,4.333151340484619,0.025104156,0.04752536,2169.6921191672036,92.5,40000,13.160287380218506,0.018103888750934476,0.014619159412482758,2482.0710319848426
70,470.94146752357483,2292.8114985575753,644.1804033024647,2805.9635289127054,-48.69123480745154,88.99178115624115,0.05,0.2433023452758789,4.294450283050537,0.02509206,0.0497374,2182.004057106241,89.0,40000,12.796793937683105,0.025922129787056165,0.02158809597874745,2468.0205741040977
71,470.9585418701172,2423.589788098996,510.69714994569165,2918.9738667742963,-48.69434888676877,89.60874994641159,0.05,0.24199748039245605,4.350711345672607,0.02516045,0.050848234,2206.1626302055165,95.0,40000,12.866576433181763,0.016493709881036205,0.011914815161788555,2563.3522892736005
72,469.9357180595398,2406.7894552457005,543.2431168786121,2941.227219521359,-48.69346845662026,86.51152797457888,0.05,0.2521982192993164,4.250216007232666,0.025055164,0.05170322,2226.225312709535,93.0,40000,12.912845373153687,0.016387968003022252,0.013358271981783852,2581.85205856264
73,465.27533173561096,2406.5159856962186,583.9032334996156,2936.9513740883476,-48.619970124285054,89.70295697515802,0.05,0.25137829780578613,4.1843671798706055,0.025344828,0.048401926,2244.2543800082035,93.0,40000,13.087232112884521,0.01853085410349194,0.015386001255861396,2541.1065366973658
74,468.51551032066345,2421.727045629208,544.8265211054303,2856.1032755513297,-48.70188395658247,88.18981101527375,0.05,0.250455379486084,4.226160287857056,0.025157828,0.05119264,2262.001646570304,93.5,40000,12.869056224822998,0.017244120720685444,0.01248339979321546,2548.8634649642217
75,470.4612281322479,2393.2468342638504,572.7061264530787,2918.993999856919,-48.68063226781835,88.01819351455498,0.05,0.24523019790649414,4.238997936248779,0.024985824,0.04954058,2275.1261653396587,91.0,40000,12.872485637664795,0.019227872846117593,0.015075600410581182,2445.6163309819112
76,469.0000910758972,2412.7505250553595,507.69771632957713,2856.075850573558,-48.715794653284945,89.79353372824261,0.05,0.25066375732421875,4.198118686676025,0.02516834,0.05241034,2288.8886013112287,93.0,40000,12.221777200698853,0.0184967766026677,0.015115580265866521,2547.7284891586655
77,471.50296568870544,2420.9185156453,549.8221713916648,2856.3941764775036,-48.443230166902424,84.92891691894391,0.05,0.2519545555114746,4.416911363601685,0.025057012,0.04964031,2302.091592744636,94.0,40000,12.608932495117188,0.017870748895381025,0.015465266852871192,2561.58493325322
78,472.42631101608276,2410.234513404878,588.0272316072266,2868.4801541824663,-48.70186335932834,84.53931024614653,0.05,0.2503979206085205,4.199990272521973,0.025145506,0.049369205,2312.9058848106597,92.5,40000,13.218419313430786,0.023577729694394943,0.019401474143569967,2533.380109929016
79,467.1358697414398,2426.5036206241134,559.2407458715411,2874.079321269048,-48.61584393050079,84.29688251739239,0.05,0.25256896018981934,4.218013048171997,0.025177209,0.05069515,2324.265658392005,93.5,40000,13.32576060295105,0.015712232224868953,0.012689154520173072,2563.6467376358714
80,466.7795729637146,2406.991894501048,586.7326746195954,2837.875962736179,-48.74039114870787,88.15819439633685,0.05,0.24477100372314453,4.228756904602051,0.024908941,0.04774945,2332.5382820029095,93.0,40000,13.449947118759155,0.018676468633559262,0.014852928564156188,2549.8099943684606
81,467.53879022598267,2415.991515398275,537.4697738026467,2813.6927545530793,-48.693135678638285,85.66944631819005,0.05,0.246504545211792,4.250806570053101,0.025247522,0.048205208,2340.8836053424457,93.5,40000,13.263320446014404,0.019838243425445917,0.015255030280135865,2552.9435885393245
82,472.90005898475647,2505.17952870687,331.8441952880116,2843.861413953543,209.62919522424303,96.28325367371457,0.05,0.2494797706604004,4.089345932006836,0.024738774,0.04809464,2357.313197678888,97.0,40000,13.115687847137451,0.009795996881694958,0.008316642693441772,2604.70525870588
83,471.1245677471161,2512.453993252087,399.17760242644084,2898.5865711755678,-46.568955570515435,92.24861756047883,0.05,0.24660849571228027,4.1087541580200195,0.02485553,0.050746717,2372.8272772362084,97.0,40000,13.179115056991577,0.009280724536388826,0.006755828130507458,2619.0156729661767
84,468.9192535877228,2526.7543842243444,410.30934208412856,2914.7342913601074,-48.6899576733141,88.68661328502395,0.05,0.2507336139678955,4.1826698780059814,0.024761397,0.04831059,2388.2199879350223,96.0,40000,13.116371870040894,0.010512537506233715,0.007843552886167405,2625.5963070372836
85,472.0150680541992,2501.651081965285,434.5689449770191,2835.970800780166,-48.7208824606353,89.40483629234848,0.05,0.25098490715026855,4.163378477096558,0.02508305,0.049996126,2399.5630973380485,96.5,40000,12.756378173828125,0.012118560787379443,0.009499692936416573,2633.3731369541
86,468.86148476600647,2517.317678414799,488.1918409708093,2939.316099066165,-48.699650488626965,91.99768879440882,0.05,0.2509498596191406,4.164592981338501,0.024993772,0.04935841,2411.3385554457236,96.0,40000,12.322275876998901,0.014879479888110905,0.010435224236293375,2590.499194567319
87,472.08842515945435,2522.951726276141,417.6611861551986,2888.400640888979,-48.69089717450258,94.40867950662624,0.05,0.2508258819580078,4.0795958042144775,0.024899887,0.047269642,2422.4998725287655,95.5,40000,12.382175922393799,0.010529262103470643,0.00849544012095871,2445.960006666515
88,463.59231328964233,2531.796510603247,483.17957459759117,2878.613116040141,-48.630259411934674,88.1204187913777,0.05,0.24834275245666504,4.169574499130249,0.025095016,0.046998784,2433.429536336214,95.5,40000,12.549896001815796,0.012924800526104951,0.009874748636223847,2426.4736872479793
89,467.9394488334656,2571.4326981803715,345.39906886487313,2906.978259539333,-42.93346521684807,97.68145070636477,0.05,0.2538433074951172,4.1841208934783936,0.024857529,0.047740392,2447.2298525206297,97.5,40000,12.486294746398926,0.008156223832155517,0.006375473924474025,2662.214440094215
90,474.43706607818604,2547.4993278215443,452.97596030176817,2955.0823585576854,-48.69035597847207,89.27194765839381,0.05,0.25127410888671875,4.218827724456787,0.024875358,0.048406705,2457.2568000507213,96.5,40000,12.452937364578247,0.014316405701854985,0.011761966281281655,2592.872388022313
91,471.5153212547302,2564.2776261460117,403.5748338056759,2906.807943628214,-48.696561647098,98.43117998201308,0.05,0.24892163276672363,4.163887977600098,0.025021756,0.04648277,2467.9588826602503,96.0,40000,12.656968355178833,0.01253283919497656,0.011024836992430377,2647.5109416716627
92,471.88933873176575,2551.8805811858742,495.26228267774883,2961.6537935451656,-48.56185004403233,87.26823668387253,0.05,0.25006532669067383,4.113259315490723,0.024991048,0.048027184,2476.3510525128127,95.5,40000,12.544104099273682,0.013665370170465424,0.011508946591029393,2584.703938872207
93,469.2597005367279,2565.33191705604,458.56736539152155,2957.3262660491687,-48.062541949540005,86.0859072102625,0.05,0.25054502487182617,4.159717559814453,0.024997218,0.046975102,2485.2491389671354,93.5,40000,12.726505279541016,0.013568448523897334,0.011035801002951914,2699.625348059564
94,469.622065782547,2641.5861913193303,306.8346897063401,2965.1847160524417,-39.837711910730086,91.40337879071413,0.05,0.24970293045043945,4.36249041557312,0.025076121,0.051617235,2500.882844202355,98.5,40000,12.86315393447876,0.006540201667254679,0.003393714182666406,2681.9447823331493
95,463.8384337425232,2626.8614741690208,409.0260882658362,2957.3400651281677,-47.70782374401601,89.38076518870929,0.05,0.24856996536254883,4.158467531204224,0.024950445,0.0470228,2513.4807071990217,96.5,40000,13.164596319198608,0.010544118704075194,0.007414237547778737,2730.074212996583
96,472.98938369750977,2579.6810691467517,449.475984472809,2936.8444391197318,-48.688731885812786,90.17264451738588,0.05,0.2703890800476074,4.750072956085205,0.024939708,0.05028101,2520.100743393795,96.0,40000,13.062937498092651,0.01175909620339623,0.008484537599537989,2732.0384604297924
97,465.5729832649231,2610.629088507506,455.1902144781635,2957.190380172089,-48.39853798997628,96.54754172838983,0.05,0.2721374034881592,4.851399660110474,0.025233215,0.044155665,2529.153577905166,95.5,40000,13.205276012420654,0.011570092106443249,0.008863110061590138,2722.895910789572
98,469.697461605072,2599.802979249367,486.046036667698,2975.318686223677,-48.71421743251523,90.23128730052724,0.05,0.26634979248046875,4.733625888824463,0.025087183,0.046115384,2536.218518039586,96.5,40000,13.089897632598877,0.01099895668807324,0.007296624788015179,2696.8961150612777
99,472.3931565284729,2646.393895636311,380.40452734301823,2997.6253429925446,251.01838078064634,92.43365185148156,0.05,0.2525599002838135,4.1264870166778564,0.025033997,0.046007123,2547.2360557992583,96.0,40000,13.18351435661316,0.010423167490571917,0.008287534725459147,2750.755160726484
100,470.4280595779419,2683.2473942060174,292.629505167595,2985.7230621471504,283.8211786088523,98.70227393270123,0.05,0.2520573139190674,4.199923038482666,0.02483556,0.044505652,2560.8371896399344,96.5,40000,13.074226140975952,0.006767615038616161,0.005527588947102459,2799.899874014739
101,466.499320268631,2658.5985577908436,512.3332249854615,3015.8406483200683,-48.68978891333489,83.85246793439488,0.05,0.2540459632873535,4.24349308013916,0.025048943,0.04703322,2570.6133264550253,96.0,40000,13.071379899978638,0.012291009213517645,0.008101179311521059,2800.1279224032055
102,471.6244785785675,2669.348726405639,431.5024315524601,3026.284233681293,-47.84299802336374,94.96195536761856,0.05,0.2536633014678955,4.371422529220581,0.02510295,0.047687836,2580.486866450087,96.5,40000,13.2155020236969,0.010700818607185915,0.008020226621795105,2734.9376040233874
103,466.25516724586487,2606.0575731978397,564.3915369445491,2985.8395142201325,-48.66181713024162,89.07385769500821,0.05,0.24915266036987305,4.19640588760376,0.02489058,0.046208594,2583.043937124862,94.5,40000,13.033161163330078,0.01741850384219629,0.014795500197035707,2802.5841691569285
104,465.6026403903961,2711.2580779682917,332.6553822563133,3005.619447240562,-48.7142344859197,92.90774800843016,0.05,0.2738814353942871,4.781638145446777,0.024904834,0.059714746,2595.865351209205,98.0,40000,12.789444923400879,0.006836112261030768,0.003734512997423983,2744.4509978689257
105,473.73574018478394,2702.351207663109,379.1089824827943,3005.4919701029853,59.89342423212723,85.30821659211516,0.05,0.25142669677734375,4.371743679046631,0.024835352,0.048890486,2606.5139368545956,97.0,40000,12.210835456848145,0.007220250479769522,0.0057084877919627445,2748.187024987443
106,466.7212007045746,2732.752043560308,330.7110447294442,3005.765286907887,262.6946292751358,100.0093157904499,0.05,0.26826953887939453,4.780817747116089,0.024963824,0.039740093,2619.137747525167,98.0,40000,11.937175512313843,0.005429046912395175,0.004409782336977175,2755.1173539678675
107,474.83542108535767,2696.4047216665517,445.62385063021424,3026.058883251032,-46.61777636067889,91.62011977307233,0.05,0.25166964530944824,4.374651908874512,0.025151325,0.044269588,2626.864444939306,96.5,40000,11.803783416748047,0.010458066240716699,0.009043459041531301,2769.0354310316247
108,466.64516973495483,2731.6160682563936,364.4146692470765,3034.193018223249,-48.69284221321024,85.74859910612254,0.05,0.2667572498321533,4.7428812980651855,0.02503477,0.05240777,2637.3396072710148,98.0,40000,12.234467506408691,0.008238531295758002,0.004773879296766164,2813.0970130817163
109,465.86309146881104,2744.6196206690192,385.0670647517886,3015.615394943979,-48.34391913977117,86.80203930352683,0.05,0.2526686191558838,4.354272842407227,0.025371093,0.044992246,2648.067608610815,97.5,40000,12.454006433486938,0.0073475668504380046,0.006355707809365961,2746.62783168811
110,471.46553087234497,2707.2277943470967,445.4752079360718,3018.1556947924314,-48.69426992777188,99.86417714814566,0.05,0.26792359352111816,4.7114338874816895,0.02490548,0.041513577,2653.9836271844433,96.0,40000,12.845120906829834,0.010766057565545686,0.008566942617328509,2831.230831419899
111,467.52290892601013,2707.9960956838336,442.9082783611014,3003.955354710597,-48.691801414422734,87.5065755923656,0.05,0.2534482479095459,4.357287406921387,0.025066098,0.04781631,2659.3848740343824,95.0,40000,12.974703311920166,0.010100449196056622,0.008120396565130217,2688.789717212824
112,466.67443203926086,2707.7353913353236,460.47882271794674,3013.934913942628,-45.64941278063802,94.32555839815964,0.05,0.26821303367614746,4.773458957672119,0.02513398,0.04340797,2664.2199257644766,97.0,40000,13.208374500274658,0.010133444873734401,0.008603200330976387,2745.0282028365455
113,474.7700836658478,2753.928046193194,385.83697585264133,3046.2208312463667,-48.70638826539377,87.32832172578145,0.05,0.24919819831848145,4.348009347915649,0.025099741,0.046919063,2673.1907378073483,98.0,40000,13.368907451629639,0.008236398984473963,0.006095265853939159,2740.221206693814
114,465.13337898254395,2725.6355115408765,483.10389142010905,3038.16938330173,-48.69747803782042,83.52671791926453,0.05,0.2717893123626709,4.750696182250977,0.025077427,0.04715912,2678.435215180701,95.5,40000,13.612605571746826,0.011162220663178535,0.008278326028455346,2849.7936543766928
115,467.1139283180237,2777.239997587877,271.27816841161047,3016.068264394298,-47.009006817553086,95.33811608859006,0.05,0.270007848739624,4.743614435195923,0.02505444,0.047993798,2688.3156934214185,98.5,40000,13.512122869491577,0.004567971609030967,0.0031749483474737693,2853.169469555098
116,467.6335470676422,2732.971831275007,420.99937253997035,3064.4322379975515,-48.695236615745934,95.15910047509055,0.05,0.2514638900756836,4.403740644454956,0.025043018,0.04348056,2692.7813072067775,96.0,40000,13.172032833099365,0.009086386832094865,0.006492231091136533,2830.1670041377056
117,472.41702008247375,2748.1303305023735,428.41940203716877,3036.2623360714415,-48.69588461913408,77.1113914047937,0.05,0.2529287338256836,4.324285984039307,0.02513486,0.04825286,2698.316209536337,96.5,40000,13.394549131393433,0.009969190790912309,0.007890971128752948,2889.110225694374
118,468.9094455242157,2776.9754280909733,356.74319750069856,3036.3159129067453,225.15052103871167,94.88070198276033,0.05,0.2519998550415039,4.342782735824585,0.024899403,0.042445116,2706.1821313918003,97.5,40000,13.23677110671997,0.006859134098622655,0.005315558158805555,2888.2016793172697
119,465.9297556877136,2790.978949737429,402.40397002491363,3054.2991423008248,-48.683303318669374,91.05885612352469,0.05,0.24659180641174316,4.389039039611816,0.024928998,0.043374047,2714.661813226363,97.0,40000,12.805427551269531,0.008507521709650483,0.006560778909399661,2844.8367288115883
120,466.06923723220825,2716.9997855361703,547.14829805521,3068.7910581121823,-48.69506355652351,83.83853489882853,0.05,0.25225090980529785,4.33568811416626,0.024998175,0.044557672,2714.8956104573435,95.5,40000,12.627488851547241,0.013374870265813152,0.010165881194086748,2751.7935790447514
121,469.6768844127655,2819.6155193219247,233.0058643833185,3066.5536840054765,563.7989665022342,98.04060401048535,0.05,0.2653193473815918,4.772777080535889,0.025090406,0.0453937,2725.3676013438017,99.0,40000,12.528122425079346,0.004678259990968268,0.0036281395479736407,2817.9099215769984
122,470.93212270736694,2811.5821962327395,291.4939470693059,3036.084385433174,-48.70129931438767,85.78148421976657,0.05,0.2707374095916748,4.770817041397095,0.024884947,0.053617675,2733.9890608326955,98.5,40000,12.433809757232666,0.005676497358080416,0.0038638911100090756,2914.376322773738
123,467.4898762702942,2813.9952759599882,355.819896029752,3076.8397001741805,-48.69350682949858,84.0725620225332,0.05,0.27092409133911133,4.670615911483765,0.025089547,0.050621662,2741.9896823454246,97.5,40000,12.274764776229858,0.006909486661681284,0.004262975684776139,2929.034071957555
124,473.38473653793335,2728.01140833957,589.6016584381483,3076.6235817664165,-48.228512564293176,97.02313294699344,0.05,0.26233887672424316,4.670447587966919,0.025027718,0.042855185,2740.5918549448393,93.5,40000,12.404792308807373,0.019378333862364226,0.013094641207377529,2916.980115993919
125,472.62181520462036,2803.4780975921813,401.6826161292902,3052.357683693517,-46.23562485699088,95.63533007540376,0.05,0.27029919624328613,4.740809917449951,0.024972802,0.050247796,2746.880479209574,97.0,40000,12.427788019180298,0.00830642559894314,0.006277355570110142,2914.392619526382
126,471.699844121933,2760.999031644522,507.03116306002295,3086.7593447915747,-48.69456485093356,91.57112933349964,0.05,0.2576451301574707,4.540278434753418,0.025017135,0.04520909,2748.292334453069,96.0,40000,12.754974842071533,0.011496240017569201,0.010041911716192252,2827.459775443775
127,469.70496797561646,2811.744222455358,441.3330976712893,3086.800423222734,-47.756721321556505,90.00648713105197,0.05,0.2717857360839844,4.786852836608887,0.024964904,0.048397187,2754.6375232532982,97.5,40000,12.974843740463257,0.008651770174656391,0.007175231377998201,2927.000480512666
128,467.3201093673706,2805.51915409817,414.40679003429153,3054.1818687390637,62.49960485136122,89.18786778390725,0.05,0.271437406539917,4.788186073303223,0.025080267,0.04905128,2759.7256863377856,96.5,40000,13.116530656814575,0.008317867055498094,0.005908833640915806,2884.189468199549
129,466.69381165504456,2743.4441116758203,559.2522694187576,3066.5849823432245,-48.577569340010434,86.41063635791578,0.05,0.2705662250518799,4.8168652057647705,0.024995606,0.047298722,2758.0975288715895,94.5,40000,13.20758318901062,0.014115363135669374,0.011077370111845312,2926.2911080608583
130,472.08000802993774,2782.8545128443825,443.4540441904754,3045.93358443208,-48.69774592202684,93.72792283545456,0.05,0.27713823318481445,4.743887901306152,0.025088463,0.04454188,2760.573227268869,97.0,40000,13.29857325553894,0.008856483808684142,0.007549666790637154,2927.463551995133
131,474.97634100914,2840.7503200927026,376.443379106499,3076.4437738691913,-48.69514671508658,91.92873856532407,0.05,0.26932191848754883,4.74255633354187,0.024897713,0.041972198,2768.590936551252,99.0,40000,13.316357374191284,0.004847469069141306,0.003040034417155088,2928.1513646697376
132,464.9088222980499,2838.4106527622935,402.81920679734986,3097.025716559151,-48.22384962024987,95.27101829859544,0.05,0.2696390151977539,4.534645080566406,0.024818357,0.039256338,2775.5729081723566,98.0,40000,13.025593280792236,0.004801678323210228,0.0038766788509240393,2921.827636691319
133,468.03145813941956,2841.222035969838,392.37425930300026,3076.817421677664,-48.695924674200484,95.95398110196615,0.05,0.2627379894256592,4.495044946670532,0.0252103,0.037088633,2782.1378209521044,98.0,40000,12.99239444732666,0.0050722948334453915,0.004111565625338608,2925.240507010741
134,471.2867968082428,2819.658450928114,409.0958216861583,3044.0884382095105,-48.69611043093882,100.27223382860795,0.05,0.2595195770263672,4.536546945571899,0.024966987,0.041274738,2785.8898839497056,97.5,40000,12.823291540145874,0.0065779936532683525,0.005051058816211509,2935.0511262393957
135,474.5385947227478,2851.613190556278,291.9729035944441,3054.245392437275,-48.00368841677687,89.39066414686063,0.05,0.25859975814819336,4.533576250076294,0.025001291,0.050294578,2792.462214610363,99.0,40000,13.075445890426636,0.004862469185583961,0.0036431542290575607,2889.8371132660777
136,472.296169757843,2841.7761686704134,376.2460224086087,3058.2412325464156,-48.57330083695648,93.75420803589304,0.05,0.25698041915893555,4.538436651229858,0.025160752,0.045102723,2797.393610016368,98.0,40000,13.201836824417114,0.005899771444589272,0.004054727636793765,2945.069293528492
137,471.5180139541626,2861.650131627304,284.57731385402656,3086.4972578401025,-48.69240796710254,87.20815786659168,0.05,0.2598261833190918,4.529847145080566,0.024926666,0.051293105,2803.8192621774615,98.5,40000,13.011049270629883,0.004465885278964569,0.0030149590402665702,2900.846337827057
138,466.50076699256897,2852.521251224529,355.73454632598146,3124.676675095217,-47.624429406687426,94.6769839539047,0.05,0.2590634822845459,4.641942739486694,0.024972945,0.041019082,2808.6894610821682,98.5,40000,13.043351173400879,0.006147491567261651,0.004726877721994777,2951.258686066743
139,466.7752642631531,2823.8216510212656,471.3611134575389,3076.6128340170794,-48.67872407781088,90.75458017025105,0.05,0.2608911991119385,4.662065029144287,0.025050147,0.040396966,2810.202680076078,96.5,40000,13.144846200942993,0.008096752103252069,0.006688130965712444,2910.896117791954
140,466.9027512073517,2823.973496390164,444.8576899559901,3074.197000189986,-48.68829684793815,95.1117375399856,0.05,0.2596759796142578,4.57994532585144,0.025052732,0.044469208,2811.579761707487,98.0,40000,13.03499984741211,0.009545868032483577,0.007268660139479642,2908.593434255539
141,466.980149269104,2898.793676514471,187.4190453482917,3068.976017900288,1487.872960846742,93.78035033439816,0.05,0.2761554718017578,4.782718658447266,0.024896588,0.05776404,2820.3011531881853,99.5,40000,12.652435779571533,0.003522433143720945,0.002101361936609922,2960.2694905811654
142,471.66882586479187,2863.562057905721,396.5578955816511,3072.5061900791434,-48.64428926589603,89.75092162493006,0.05,0.2768676280975342,4.793524980545044,0.02485339,0.044366784,2824.627243659939,97.5,40000,12.54542851448059,0.007181303197083431,0.004490046277186155,2958.1999886237863
143,470.00745487213135,2885.8290536318627,309.59180303315634,3104.9669822862234,-46.66742107737424,92.90935634095372,0.05,0.2750132083892822,4.595163583755493,0.025148302,0.049556028,2830.7474246571314,98.5,40000,12.693464279174805,0.004366878217609518,0.0031838165010122403,2915.5283788893726
144,471.51250553131104,2870.179285914032,367.45077470011796,3104.781021490752,-45.02393136716301,86.56000649511348,0.05,0.26143527030944824,4.56513786315918,0.024884272,0.04651765,2834.6906107828218,98.5,40000,12.72348928451538,0.006704805097704313,0.0051480312612751,2966.397655060375
145,468.7309012413025,2898.229772630408,216.29276100855648,3147.268917879925,1590.635101041708,103.2072390496778,0.05,0.27007246017456055,4.739556550979614,0.025223544,0.04514615,2841.04452696758,99.0,40000,12.707813501358032,0.005002005587562869,0.0034906575546181217,2931.802387283506
146,467.47965908050537,2908.648714099913,271.39839401979384,3094.8882833310536,-47.75888063310542,94.73347993901731,0.05,0.27578067779541016,4.8106606006622314,0.025145281,0.04456678,2847.8049456808135,98.5,40000,13.007380962371826,0.004765059090266941,0.0031127141250039056,2932.225869375655
147,470.62100076675415,2898.0574317063483,381.9549263423773,3114.8974467408025,-48.68514696051912,86.19095451674725,0.05,0.2714111804962158,4.788495063781738,0.025281927,0.03942697,2852.830194283367,98.5,40000,13.32080864906311,0.004220454757864727,0.004148140265890871,2981.0016800205044
148,473.1729724407196,2914.1448090687477,256.3641780705105,3092.721393934189,289.01478282015273,93.11414911943223,0.05,0.27686262130737305,4.736739158630371,0.024788404,0.048576746,2858.961655761905,98.5,40000,13.419891357421875,0.005099414975574675,0.0029199841426636283,2986.52500793318
149,474.7022633552551,2948.502549749974,131.36552657117986,3097.015459465406,1931.7879552441402,100.75234665088024,0.05,0.27408671379089355,4.771759748458862,0.024971038,0.05783982,2867.915745160712,100.0,40000,13.37432336807251,0.0023350818038003797,0.0014764405514881235,2989.35716803578
150,467.78105664253235,2905.6239522206015,353.9734267126608,3082.567158268524,-48.230418406096796,75.0805042750423,0.05,0.25033020973205566,4.731246709823608,0.025025027,0.045283206,2871.686565866701,98.0,40000,12.999101877212524,0.005848796096022544,0.002997652335259028,2992.027717678243
151,468.1771020889282,2907.7016170156194,383.8310349491861,3155.5674214756336,-47.066879778695444,85.36169886570542,0.05,0.27294373512268066,4.668335914611816,0.024993949,0.051938374,2875.288070981593,97.0,40000,12.746027708053589,0.006685318819054525,0.005224157280066516,2907.407290404246
152,468.35153341293335,2886.8462915143823,469.33539146013965,3115.1021998703955,-46.866280323571274,89.18332245500758,0.05,0.2528495788574219,4.661765813827515,0.025202036,0.043943178,2876.4438930348724,97.0,40000,12.532424926757812,0.007751993084363285,0.00614909815916563,2950.741954557591
153,467.0990912914276,2927.806227195264,325.0814408972839,3127.0959162897025,-48.694856225477686,81.77031128102868,0.05,0.2772951126098633,4.655447244644165,0.02483554,0.052955285,2881.580126450912,98.5,40000,12.5564603805542,0.004177806480690813,0.002266195464570563,2944.937728751077
154,468.6385908126831,2879.259934133899,449.6086295638333,3112.862419144353,-43.63761484189322,89.29940541211566,0.05,0.28008413314819336,4.676203727722168,0.025191622,0.04408329,2881.3481072192103,96.5,40000,12.596445322036743,0.008569700731933404,0.006915100026675199,2990.4895662772715
155,467.0370304584503,2927.789874213207,345.19794952355187,3147.3041388409865,-42.73834810388771,87.23602764963516,0.05,0.27463388442993164,4.72480320930481,0.024849216,0.042041585,2885.99228391861,98.0,40000,12.733271837234497,0.005450559433248849,0.004025002618579035,2956.645551566625
156,464.6333839893341,2899.3998171999806,369.51370746999555,3145.3206971608797,-47.52773924247297,87.65260268452872,0.05,0.27526211738586426,4.713489532470703,0.02464162,0.04615742,2887.333037246747,97.0,40000,12.843355894088745,0.00923511716299424,0.005574678281793733,2961.030574659779
157,470.25180768966675,2916.0312779172095,374.51735618532757,3133.2660035173576,-44.129987857488125,94.81936364584122,0.05,0.27434539794921875,4.7763659954071045,0.025032353,0.043578032,2890.2028613137936,98.0,40000,13.18918490409851,0.006958953231031723,0.005320656585387093,2961.5199404297077
158,472.2219910621643,2871.9836276351853,476.01552044058013,3124.733890685291,-48.41002774504699,87.39182401631446,0.05,0.2763252258300781,4.792801380157471,0.024882784,0.04805798,2888.380937945933,97.5,40000,13.414085388183594,0.008879018809261516,0.006963192352027081,2914.122899669752
159,467.1786632537842,2925.470942182994,325.6066705616267,3133.2904225742345,312.6533419740101,99.06817887674936,0.05,0.2460789680480957,4.6494903564453125,0.024926182,0.048537146,2892.089938369639,97.0,40000,13.240696430206299,0.006809848015752666,0.005214510899527558,2975.2400263896707
160,474.2431719303131,2956.0492077092513,268.14217478901503,3155.3025600895107,276.89689694792696,90.12946069864023,0.05,0.2741885185241699,4.719695568084717,0.025261613,0.051739562,2898.4858653036003,98.0,40000,13.070985317230225,0.0038854069618782894,0.0028000670071613924,3022.6265426939826
161,467.3739061355591,2910.5723661797156,399.4481122645851,3142.8475889020815,-47.37534064969006,83.87857555179215,0.05,0.2734801769256592,4.654523849487305,0.024982845,0.049895085,2899.694515391212,98.0,40000,12.971661806106567,0.009143475379064799,0.006596181715243944,2979.808647878963
162,474.0164861679077,2924.201402382954,409.05332365596195,3135.044222384011,-48.60557151418449,85.56659116234378,0.05,0.2730674743652344,4.573476314544678,0.024990346,0.05190827,2902.1452040903864,98.0,40000,13.271301031112671,0.006777529108987479,0.00536892853038644,2969.91737627376
163,474.06053590774536,2941.486346086441,371.1394763031673,3153.3627959490486,-48.69285749462668,83.34162276149729,0.05,0.2503633499145508,4.407808303833008,0.025041513,0.041996766,2906.079318289992,98.0,40000,13.294948101043701,0.005191765952227395,0.004157292191068124,3018.255685337109
164,465.3827018737793,2945.565301557366,320.7598874450653,3185.891010193098,70.4823694740147,80.83900458154308,0.05,0.23286175727844238,4.149008750915527,0.025117954,0.048081025,2910.0279166167297,98.5,40000,13.414469718933105,0.005570142874519996,0.0043012864495860555,2975.6235935185973
165,473.2444818019867,2966.496427200248,254.33989537667003,3143.2550829364495,-45.9913817087523,99.33186690061389,0.05,0.2533080577850342,4.400589466094971,0.024953028,0.046357106,2915.674767675082,99.0,40000,13.477365493774414,0.0032007993571758855,0.0022506322212336115,3020.411775023449
166,475.3508083820343,2932.962097374608,417.45524166516566,3145.303438208534,-48.54950510670469,83.5239435039644,0.05,0.25363969802856445,4.429089546203613,0.024968756,0.03986741,2917.4035006450345,97.5,40000,13.058288812637329,0.006155042806364718,0.004004916641519572,3021.709416675255
167,467.7707965373993,2962.592014477006,288.2733114812854,3153.4358235470672,261.75155032989505,91.96069209949512,0.05,0.2508716583251953,4.183285236358643,0.024961762,0.0470448,2921.9223520282317,98.5,40000,12.966153383255005,0.003989994891844921,0.0031393102042840885,3035.6588079217922
168,467.3985300064087,2981.9967361710565,221.38606681447658,3175.8526875002617,1524.0120898021758,86.31057349728017,0.05,0.25054407119750977,4.425111532211304,0.024865063,0.07430706,2927.929790442514,98.0,40000,13.137255191802979,0.004157791138805431,0.002637032598023533,2950.5140786352417
169,466.6318509578705,3000.189838147234,154.12775116431277,3167.714962538881,1964.3170892406438,114.33251890363321,0.05,0.25366711616516113,4.424774169921875,0.024911152,0.04228421,2935.155795212986,100.0,40000,12.543628215789795,0.0025857031880420836,0.001975009769280269,2998.2748997391213
170,470.19117879867554,2969.851987816189,265.690798296415,3155.5471919565875,302.7752426054395,95.24059252821091,0.05,0.25367307662963867,4.268476486206055,0.025138132,0.04048283,2938.6254144733066,98.5,40000,12.529589653015137,0.00500448926924227,0.0030217171608683,3052.1483803862725
171,468.5760934352875,2974.304224534246,324.2436452392815,3165.5517477116055,269.5982041517913,94.54094569489588,0.05,0.2527177333831787,4.375916004180908,0.025017316,0.046408247,2942.1932954794006,98.0,40000,12.741867542266846,0.006110579843640676,0.004424439940532995,2975.743280264358
172,470.20148396492004,2995.146124770002,265.8584584333922,3165.5902425064605,-47.33142024562844,95.83210487881685,0.05,0.2537221908569336,4.251850605010986,0.025043884,0.037813127,2947.488578408461,99.5,40000,12.912947654724121,0.0036076607477058876,0.003219362467070647,3058.518148379049
173,471.8491780757904,2970.6344920485017,339.4430427776915,3203.891481274144,-44.13894492315531,89.56516192106457,0.05,0.2512245178222656,4.415117025375366,0.025091847,0.050140813,2949.803169772465,97.5,40000,13.163750648498535,0.005395081985323512,0.003951275380566901,3070.3553511954697
174,466.3093674182892,2959.979899083984,415.2828429985201,3173.7796409876964,-48.700841638107974,93.2222579797096,0.05,0.253554105758667,4.2622857093811035,0.024929784,0.042949263,2950.820842703617,97.0,40000,12.699097633361816,0.007449919167620648,0.005677938313779648,3055.7100226817465
175,468.40532326698303,2933.8181166722497,491.3358895495023,3193.840427324499,-48.62783023123125,93.14694360214054,0.05,0.25185656547546387,4.259114742279053,0.024943242,0.042339545,2949.1205701004806,96.0,40000,12.906445741653442,0.009240625241219056,0.006943786109185584,3058.775724871893
176,472.07199716567993,2979.4591888147183,365.2272469408935,3191.942166837258,-48.693828197521306,87.57194285461843,0.05,0.2519984245300293,4.257139205932617,0.02509718,0.049543947,2952.154431971904,98.0,40000,13.21566104888916,0.005930367012613285,0.004411354031143446,3056.581981743489
177,471.4235746860504,2949.238977834814,423.5975920172546,3175.8789322686243,-48.68594098545854,78.28088900284499,0.05,0.2494208812713623,4.514469623565674,0.025282983,0.04244335,2951.862886558195,98.0,40000,13.385746955871582,0.006435732871894023,0.004842559823511363,3044.547343575445
178,466.9657766819,2949.768917525151,405.15908995150045,3183.491891721597,-44.034655753944804,92.30305949776809,0.05,0.25806546211242676,4.4662580490112305,0.025332078,0.045346502,2951.653489654891,97.0,40000,13.337449073791504,0.007820705674079168,0.007008424482202384,3054.0595060624496
179,469.18522667884827,2959.987064425758,380.7251707417927,3193.3012100908722,-46.61555134441784,87.72293608046488,0.05,0.25365471839904785,4.195084810256958,0.025004614,0.046168476,2952.486847131978,96.0,40000,13.493585109710693,0.00820672403118851,0.00662871546389772,3059.9043650423246
180,467.0884897708893,2939.8374411465984,433.4490104938448,3155.4535876121263,-47.858239778279035,86.28050815367386,0.05,0.25243496894836426,4.168233871459961,0.02496088,0.04746468,2951.22190653344,97.5,40000,13.317327976226807,0.00876148465672895,0.0067498264137071905,3059.4014490997133
181,465.99494671821594,2958.2966874049703,469.6832549427977,3185.873224567901,-43.78236843439102,89.1100962865081,0.05,0.2645385265350342,4.7097861766815186,0.024968768,0.043140832,2951.929384620593,97.0,40000,13.457738637924194,0.007992706477661619,0.005856949685903145,3052.183869790884
182,472.994512796402,2987.482293309284,235.88354183012865,3167.74540508656,1404.0127499985927,93.75125513966051,0.05,0.27016472816467285,4.689358711242676,0.024911271,0.048388932,2955.484675489462,98.0,40000,13.276551485061646,0.003688573554988421,0.0028548747037741872,3059.7904421675003
183,465.83611488342285,2951.1340329665445,453.1746077724132,3155.5379299898186,-48.69213859387107,87.72137666518012,0.05,0.2647380828857422,4.650018930435181,0.024912134,0.041419815,2955.04961123717,97.5,40000,13.229362726211548,0.005958250427443845,0.004797482193520672,3054.1344576578686
184,466.67225074768066,3014.584035479474,150.33820015509443,3147.3602421183605,1465.275189677137,103.8541231081974,0.05,0.260983943939209,4.6513543128967285,0.024913479,0.046763454,2961.003053661401,99.5,40000,13.025059938430786,0.002488300129583753,0.0013429454768363182,3058.619384489078
185,467.1710617542267,2960.977833906619,351.1270016812088,3183.8301647571684,-47.63159111986767,90.03886704862097,0.05,0.26972508430480957,4.69423246383667,0.0251788,0.038458936,2961.0005316859224,98.5,40000,13.090941667556763,0.006670553158041969,0.004380803964144752,3013.2196253667994
186,471.6562373638153,2956.6530887460067,357.5308621408784,3155.3644051190577,-48.59557971822418,93.62690265286939,0.05,0.2710864543914795,4.748791456222534,0.024990784,0.041871615,2960.565787391931,98.0,40000,12.988474607467651,0.007907131085173493,0.005715371946619239,3015.990162059174
187,468.79277205467224,3007.2214711076667,262.93685905684185,3155.444687792935,-46.28595522159065,80.90469706578786,0.05,0.26832127571105957,4.771620035171509,0.024989115,0.05551491,2965.231355763505,98.5,40000,12.793781995773315,0.003834269387792612,0.0023978966328768716,2976.46770648602
188,465.58315539360046,3038.005485137137,76.97259205467839,3153.523672330668,2422.8198870340734,103.85923256096817,0.05,0.2736327648162842,4.4106221199035645,0.025090685,0.05194714,2972.508768700868,99.5,40000,12.79225206375122,0.0007624940313920967,0.00033053679130550775,3069.3017316426804
189,465.28194665908813,2985.0674934298563,352.1253692850261,3163.3745459338966,-46.65575312470105,88.3946501570242,0.05,0.27255702018737793,4.397839307785034,0.025284337,0.038690563,2973.764641173767,98.0,40000,12.960459232330322,0.005677910519693638,0.0039907977518939194,3010.408607941697
190,474.1615836620331,2973.0331122327807,389.7253938060957,3173.629492369003,-46.88630170215267,91.19459334029253,0.05,0.2738778591156006,4.511790037155151,0.025215112,0.054129265,2973.691488279668,97.5,40000,13.23572826385498,0.006122220422183475,0.004182112097006087,3066.6056919186453
191,467.02342915534973,3010.39998142943,288.325365178612,3193.8129582232964,294.6265263989318,90.76670412181106,0.05,0.2785513401031494,4.463573217391968,0.02514253,0.041766126,2977.3623375946445,99.0,40000,13.28150725364685,0.0031746075437945782,0.002316564289068949,3069.593149000864
192,465.67607259750366,2973.999778142211,453.90242438693014,3173.470423761899,-47.0340929116319,82.49516110632293,0.05,0.27299928665161133,4.4544219970703125,0.025114743,0.04618991,2977.026081649401,97.0,40000,13.358484506607056,0.00797807427513207,0.005631051461664629,3076.0940535857953
193,473.5621337890625,3037.002080097112,156.24978503930197,3145.4150311151566,1246.9200485979286,89.83130758092106,0.05,0.27500391006469727,4.505286455154419,0.025029846,0.051141135,2983.0236814941723,99.5,40000,13.367351055145264,0.002195813825553231,0.0011559644741026744,3075.685106498655
194,473.2355487346649,2989.835851254221,382.8314399798347,3155.637016738528,-42.9761610369957,81.5770876963984,0.05,0.27567100524902344,4.5324389934539795,0.025416857,0.04265721,2983.704898470177,97.5,40000,13.167748212814331,0.006810921535284751,0.003960923925379549,3076.2142092867525
195,473.86719584465027,3042.414738131564,118.87533451338145,3163.1891528634414,1963.333992339083,99.69251542586368,0.05,0.2752385139465332,4.60407018661499,0.025048353,0.058502294,2989.5758824363156,100.0,40000,12.926451444625854,0.0018104996480693349,0.0009000063259218655,3074.8927071345092
196,473.82384610176086,2989.5719556910904,362.9029934820138,3185.8245199412704,84.97694720770285,88.69818730503815,0.05,0.2749800682067871,4.51028037071228,0.024863748,0.043490175,2989.575489761793,97.5,40000,13.483371019363403,0.006871265565915367,0.004292068506212394,3000.4944401540733
197,466.60234475135803,2985.4009233272927,365.56855302319923,3185.848671215213,-41.833798511560566,78.90890356584025,0.05,0.2721993923187256,4.4900102615356445,0.025008492,0.0647298,2989.158033118343,98.5,40000,13.51176118850708,0.007262712322807442,0.005392461304379184,3083.5374996973883
198,474.9030876159668,2984.9970950471466,413.9342123164789,3185.500974738419,-47.94637638491919,87.36647319599382,0.05,0.2787332534790039,4.5246734619140625,0.024920452,0.04329576,2988.7419393112236,97.0,40000,13.088295698165894,0.007856196126422832,0.00597842826908066,3073.660350660262
199,474.1271834373474,2970.9440150285604,417.83723734950007,3183.635299295638,-48.69863895430257,90.1394706465374,0.05,0.27919602394104004,4.789604902267456,0.025049988,0.043847498,2986.9621468829573,97.0,40000,13.26434588432312,0.009472305080701909,0.007029022548244783,3079.4686875814014
200,468.63018703460693,3005.218195260496,312.20402595486956,3173.643619593073,8.699826309502441,93.73441622380867,0.05,0.2770698070526123,4.5415284633636475,0.024819156,0.042704675,2988.787751720711,99.0,40000,13.606060028076172,0.0038746881666811106,0.0032520216225946467,3077.3758590772686
201,466.3964159488678,3003.779285545944,351.7976517598189,3163.5913055541246,-48.700808634954726,92.481972133159,0.05,0.27765512466430664,4.62178373336792,0.025042845,0.04227633,2990.2869051032344,98.5,40000,13.531201362609863,0.005319555732047925,0.0031444000389182387,3076.2549422227503
202,465.52763319015503,3041.8636605001534,110.37814799735418,3175.711537558734,2002.984187838468,91.0305601304369,0.05,0.27509069442749023,4.782577991485596,0.025108991,0.058954872,2995.444580642926,100.0,40000,13.43501329421997,0.0019033923655526921,0.0006934299211511687,3077.501483989859
203,465.7396900653839,2982.060041647387,394.3902829129479,3145.4443214993266,-48.680002187393384,82.58349714704644,0.05,0.2746100425720215,4.81593656539917,0.025144195,0.04288786,2994.1061267433724,98.0,40000,13.252166509628296,0.006469103442444113,0.004216592835653255,3071.283678631289
204,467.7918543815613,3025.9985419471086,215.82258237484223,3173.474285495277,472.79320865740794,83.19363856802602,0.05,0.2746143341064453,4.811172008514404,0.025222067,0.047469098,2997.2953682637462,99.0,40000,12.711439371109009,0.0031118957393269403,0.0023643148511505742,3073.400911604044
205,469.6901032924652,3008.666672466189,259.612394730188,3175.809303123436,168.71426784788034,84.27456832324123,0.05,0.27649807929992676,4.837508678436279,0.024346905,0.045496605,2998.4324986839906,99.0,40000,12.526968002319336,0.004173036275649182,0.0025220365338915435,3081.560636428973
206,468.92650413513184,3012.200190271059,256.59119949138665,3155.567089646562,280.96261294620143,88.1474346741851,0.05,0.2761211395263672,4.817396879196167,0.02500264,0.043977063,2999.8092678426974,99.0,40000,12.794426918029785,0.003229789114035217,0.0024946970247327594,3068.223565996115
207,467.51914167404175,2969.276702233243,440.73522995866875,3173.850597929934,-48.696500645786955,77.70671232196763,0.05,0.2749049663543701,4.7730796337127686,0.024655936,0.046101972,2996.756011281752,97.0,40000,13.060708045959473,0.00814546994898323,0.0053971907482615435,3082.290549557159
208,469.9369812011719,3001.1236964825075,358.5733847428988,3165.6647265240404,-48.54897721333529,90.68766295721139,0.05,0.27658748626708984,4.662375450134277,0.024902424,0.04319488,2997.192779801828,98.5,40000,13.059752464294434,0.0051749031648556,0.0041748420260940165,3080.3596440681576
209,466.2088749408722,3029.832113441634,164.64474384968375,3163.3728353711563,1549.1619859163984,98.41622147190618,0.05,0.27422332763671875,4.807002067565918,0.025267174,0.049940787,3000.4567131658087,99.5,40000,13.234749555587769,0.0025808447778069266,0.0018340389845908083,3087.5413649431403
210,475.2683982849121,2977.5058170644984,397.1026116206716,3165.7237014249754,277.80951744514294,87.76937905775755,0.05,0.2736499309539795,4.6307127475738525,0.025071781,0.045147516,2998.1616235556776,96.5,40000,13.32800555229187,0.008887703060824079,0.0067077852614785705,3093.9314696018
211,473.80849528312683,3044.2317450376668,147.49834071352294,3165.6005704249933,2032.0382176795415,99.04928223787778,0.05,0.27826547622680664,4.629881858825684,0.0248057,0.051233124,3002.768635703877,100.0,40000,13.409973859786987,0.00262409055979171,0.001623477521161306,3089.5219750680403
212,470.7879366874695,3032.94683458306,253.58032177819743,3171.890939131327,-48.69384817807004,92.27083361037224,0.05,0.2754034996032715,4.592408895492554,0.024854917,0.036052745,3005.786455591795,99.0,40000,13.42168641090393,0.002471474273489076,0.0018562297471117373,3085.363405728317
213,465.5628924369812,3035.8726938726195,244.13227116432762,3175.3847157082773,260.576055975222,83.94577659977591,0.05,0.27887797355651855,4.639944553375244,0.02522785,0.03806812,3008.7950794198778,98.5,40000,13.294837713241577,0.0027193428428094347,0.002223181565657764,3087.168610914735
214,473.00475573539734,2982.3594294512727,421.2816622170505,3165.6393109759306,-47.70028577387225,87.34931112225124,0.05,0.27774715423583984,4.638812065124512,0.024976633,0.039311185,3006.151514423017,98.0,40000,13.558890104293823,0.008524326442618455,0.005850762727952723,2990.7229316348466
215,473.7761425971985,3013.0233706757363,309.4063613608633,3173.7407416698497,-47.9684549005545,84.77165261000052,0.05,0.2723820209503174,4.556955575942993,0.024876505,0.06232376,3006.838700048289,98.5,40000,13.247009038925171,0.0059634829944142,0.003724352707278024,3097.151728330706
216,473.70452094078064,3016.22732779445,358.91859895509344,3183.778722654814,-48.4341645780883,89.66630856231785,0.05,0.2761681079864502,4.746076345443726,0.02495604,0.04757109,3007.777562822905,98.0,40000,13.332936525344849,0.0064223282954164376,0.0037218106140021034,3103.728226898656
217,467.534873008728,3023.497264997514,312.34421450259606,3206.0219035512805,-48.289374104888,93.84712677517412,0.05,0.27742862701416016,4.661027431488037,0.025205262,0.047709644,3009.349533040366,98.0,40000,13.431578874588013,0.00593865280390226,0.003949018839460996,3097.2858247602567
218,466.77487301826477,3001.988644912377,391.99187242991377,3183.7809628924037,-48.69747663647509,88.33972697372694,0.05,0.27472424507141113,4.674848794937134,0.02512177,0.042963814,3008.613444227567,97.5,40000,13.078536987304688,0.006113271987181943,0.00411602301306416,3092.7812407942442
219,468.78136706352234,3028.986300481421,341.87030135556023,3173.675917681274,-47.21682678852043,88.11946039874499,0.05,0.2748379707336426,4.725430011749268,0.025038715,0.04321106,3010.6507298529523,98.5,40000,13.350616455078125,0.003770369687389193,0.0023609678858224487,3111.4808718930303
220,467.7656946182251,3063.538201406166,181.61195153608654,3216.192182337854,1271.9021778737617,92.81796720286896,0.05,0.27792787551879883,4.74383544921875,0.025011273,0.0633116,3015.939477008274,98.5,40000,13.329982995986938,0.0024933965086698672,0.001448576971812488,3107.1417306689877
221,465.8589503765106,3057.461569819637,289.0159330854238,3206.2423399408717,299.5644776087169,86.07726026126532,0.05,0.2786698341369629,4.691534757614136,0.0249089,0.041215163,3020.0916862894105,99.0,40000,12.929099082946777,0.003163080282709357,0.0019311316256642632,3113.62286809905
222,467.0726857185364,3033.5427495871013,346.51265952365,3194.0285548105962,-47.223719758997326,87.06809491162662,0.05,0.27369070053100586,4.651721239089966,0.02517158,0.055541772,3021.4367926191794,98.5,40000,13.019124984741211,0.0056536996223118564,0.004321143212909208,3118.5407476532964
223,473.58608531951904,2969.025240704404,542.9933460283132,3192.065025308812,-47.26762830459632,88.9290019856516,0.05,0.2756805419921875,4.616554260253906,0.024835525,0.04485573,3016.195637427702,94.0,40000,12.9224271774292,0.015533734801088522,0.010683462278509569,3126.8962683674677
224,473.4250338077545,3045.0393404843753,314.22854609840715,3196.128250477538,597.4663301374825,86.88275662694387,0.05,0.2762722969055176,4.6908180713653564,0.025068823,0.057391066,3019.0800077333697,98.0,40000,12.997543096542358,0.008735426492033157,0.005363342764628325,3084.5580655191384
225,472.6093807220459,3005.1927874088597,457.45610079999153,3186.0752073311787,-47.40832739006501,82.29850470737507,0.05,0.2779505252838135,4.781687259674072,0.02515122,0.049086288,3017.691285700919,97.0,40000,13.137571811676025,0.008125772715739445,0.005891133843067372,3129.6397535377923
226,467.6454071998596,3051.51523363248,275.21852371554917,3191.875810961887,500.5697347607774,92.9918908113181,0.05,0.2765350341796875,4.733897924423218,0.02487959,0.04885799,3021.0736804940752,98.5,40000,13.472286224365234,0.006320951979759631,0.004808847491353474,3133.785518819001
227,468.6411461830139,3037.8302251703535,406.41073341305963,3214.1953295056187,253.0676867999439,89.62549450438267,0.05,0.2730436325073242,4.742037296295166,0.02516887,0.040220745,3022.7493349617034,98.0,40000,13.207107782363892,0.0064748303038585945,0.0037548356993986607,3130.0128424667737
228,467.15473794937134,3026.819058816747,406.7163940227889,3193.9042266031574,285.03149861519444,88.92562172135727,0.05,0.28009867668151855,4.827364206314087,0.02533147,0.05021976,3023.1563073472075,97.5,40000,13.20924186706543,0.008558859880686219,0.006411030691979783,3126.7866396352315
229,473.50624918937683,3069.1566238970927,268.5515986134977,3193.99563901877,-45.08045433411129,97.98874509528939,0.05,0.2747817039489746,4.645458221435547,0.025027659,0.038444027,3027.756339002196,99.0,40000,13.278088092803955,0.003253659454915927,0.002709113570269163,3079.4045343050734
230,469.364394903183,3077.929076810881,186.22651830857532,3214.292876206601,1603.2809358041347,96.59184949305725,0.05,0.2734825611114502,4.640857934951782,0.025282625,0.044126604,3032.773612783065,99.0,40000,13.0890052318573,0.002554959165583698,0.0022282343380207303,3127.1118157193646
231,466.31295251846313,3068.5500816479034,221.2071874535307,3205.927234547642,1587.7405762373542,95.82010441192439,0.05,0.27620792388916016,4.722748279571533,0.025027001,0.06274122,3036.351259669549,98.0,40000,13.147549867630005,0.004469448602327668,0.003098806269914771,3125.364104832893
232,467.25746726989746,3038.4090473090164,402.41013466578914,3231.9645266534426,-44.2836482645076,86.05479501933857,0.05,0.27771639823913574,4.65252685546875,0.025044614,0.044071868,3036.5570384334956,97.5,40000,13.421393156051636,0.007896733224208545,0.003561835060752074,3075.933748168731
233,474.82208156585693,3062.94979634189,288.84159288942703,3213.8431344544724,660.869980830756,87.86935357343297,0.05,0.2681117057800293,4.840829610824585,0.025201371,0.04356299,3039.1963142243353,98.5,40000,13.615710258483887,0.0055480531779633765,0.004318837324777519,3136.8221601619875
234,465.23078513145447,3091.82570680706,303.59662783407896,3214.1577327316795,-42.408421733561944,84.16516306122266,0.05,0.2672708034515381,4.650298595428467,0.024931166,0.039936163,3044.459253482608,99.0,40000,13.650652408599854,0.0021233413025634864,0.0012096188867973235,3131.0138728475154
235,466.88540172576904,3069.1072480787075,292.05214230996415,3205.8698153782166,-46.01965921594446,83.68112612321706,0.05,0.2747347354888916,4.656408071517944,0.02520229,0.04183561,3046.924052942218,98.5,40000,13.51025652885437,0.004186318687789052,0.0032193934122781054,3133.420949235276
236,470.3704922199249,3035.6229610758855,428.63712689214356,3234.2509410006537,-48.69931891566042,83.8023677136011,0.05,0.2756826877593994,4.6721436977386475,0.025043802,0.05077869,3045.793943755585,98.0,40000,13.330412149429321,0.006600325408396461,0.004845509377857219,3122.5166216670027
237,469.66141295433044,3066.349838219629,332.3947602905592,3205.8091633790327,300.8839335532174,89.91853133344765,0.05,0.268993616104126,4.8255934715271,0.02510718,0.042503238,3047.8495332019897,98.5,40000,13.487312078475952,0.004068483158139676,0.003017199502547621,3123.7207182299385
238,467.2249233722687,3092.0283974579743,121.11859435106432,3211.973719126018,2012.1279558101653,104.45902918782761,0.05,0.27410054206848145,4.71539831161499,0.025026578,0.049001075,3052.2674196275884,100.0,40000,13.521109580993652,0.0017666144354827823,0.0011638799014727765,3128.087202552633
239,467.387220621109,3097.8133724428944,238.42069809162254,3234.368366751462,-47.56622463865495,86.36558362633637,0.05,0.2538106441497803,4.351912975311279,0.024783762,0.032964632,3056.8220149091194,99.5,40000,13.298645734786987,0.0018116438510238197,0.0011181826753269627,3137.002171836685
240,475.3828420639038,3033.272111916775,431.8787158332124,3193.9660926454612,-48.02827725351821,93.50380949183608,0.05,0.2766275405883789,4.782806634902954,0.025084289,0.039034724,3054.4670246098854,97.5,40000,13.17198920249939,0.008205286682007274,0.006031804962934447,3130.2127110234496
241,466.2533824443817,3088.8692935361782,260.9659644750011,3205.940654886939,-48.67895154127559,88.21533610247924,0.05,0.27858519554138184,4.739897012710571,0.024853263,0.051188055,3057.9072515025146,99.0,40000,13.113911628723145,0.0025404599855043705,0.0016863491516227464,3137.7288959883936
242,471.79375433921814,3090.274556302681,276.96973766791433,3213.6806857849956,298.1154647513614,85.2136160532319,0.05,0.2785351276397705,4.712804317474365,0.0249983,0.038815808,3061.143981982531,98.5,40000,13.320732593536377,0.0036178304915110188,0.0027827748957500184,3135.0157929910215
243,474.73171758651733,3049.5999635170783,364.66320879685236,3203.787143407714,262.509350564616,93.15559245316474,0.05,0.25761985778808594,4.620669603347778,0.02514463,0.038531214,3059.9895801359858,97.5,40000,13.511937379837036,0.005423472392725166,0.004021039574393042,3136.7173808641824
244,471.67880487442017,3105.5096891646535,249.46303530508973,3213.986000062678,-48.64702463118649,90.395581136096,0.05,0.2465364933013916,4.201432228088379,0.024742393,0.056987632,3064.541591038853,99.0,40000,13.481192827224731,0.002433854160928164,0.001401777289694695,3146.9011109244457
245,473.30973529815674,3064.483817082023,382.0738613452002,3234.442987722706,-48.612341748740384,95.48202345237173,0.05,0.25203800201416016,4.220965385437012,0.024812033,0.0376114,3064.53581364317,97.0,40000,13.490247249603271,0.0059371572306084345,0.004081042729326273,3149.048869420939
246,472.4831314086914,3043.8594856539216,447.76699740575833,3226.20952207061,-47.776085512536355,84.31574699639162,0.05,0.26848721504211426,4.6776299476623535,0.025109041,0.047859777,3062.468180844245,97.0,40000,13.585265874862671,0.008457281231398392,0.005475875500401783,3139.5763800084546
247,472.91551876068115,3064.3783236552367,407.99298679492205,3222.30798889158,-47.23888798280041,89.04263261971488,0.05,0.2516438961029053,4.232156276702881,0.024959512,0.04775519,3062.6591951253445,96.5,40000,13.384889841079712,0.005790233648946449,0.004685038802719112,3142.358399245831
248,473.32965326309204,3093.6262231187034,285.69644634352375,3214.117145370057,310.425092791294,86.47540848733996,0.05,0.2557518482208252,4.68004846572876,0.024884546,0.053368397,3065.7558979246805,98.0,40000,13.30600905418396,0.0045389008308122794,0.0033605688151197794,3084.303900019942
249,466.63128566741943,3087.1594888569252,251.61786648396242,3204.082683349466,737.0097662649405,92.55913810263863,0.05,0.2476973533630371,4.688451051712036,0.02521445,0.050316554,3067.8962570179056,97.5,40000,13.358916521072388,0.0037176225089225095,0.0028658350598539614,3143.500614962845
250,472.41087555885315,3050.4213889083144,386.70465572227516,3214.1798468756992,-47.7893380236679,94.95940087037245,0.05,0.27388453483581543,4.690443277359009,0.024939625,0.04002932,3066.148770206946,96.5,40000,13.46303391456604,0.006518865041972844,0.0045387627545767605,3053.177294410305
251,465.59819746017456,3101.7351119394402,199.1266349633996,3214.056226123205,1629.5183079029082,96.30548456968147,0.05,0.272479772567749,4.748879671096802,0.02503521,0.047346957,3069.707404380196,99.0,40000,13.421101093292236,0.0027751650890335726,0.002087380547997731,3152.3968539553166
252,475.43261528015137,3072.327064586114,321.8100605704258,3232.4110000064643,-43.78891843975014,86.77702281752583,0.05,0.27490782737731934,4.723610162734985,0.025077004,0.041683998,3069.9693704007877,98.5,40000,13.360982179641724,0.0051797163898911975,0.003986076811029269,3149.838878796289
253,466.2512536048889,3098.8196153081512,194.66988531069774,3234.017758197476,1691.816638509068,102.03560183896215,0.05,0.27228879928588867,4.775093078613281,0.025116533,0.047033884,3072.8543948915244,99.5,40000,12.988417387008667,0.003003318896418756,0.0022395460973777767,3153.131421719264
254,469.27727246284485,3097.905019587627,266.7315332536719,3224.1799799285122,-45.104207559213904,98.19621975444217,0.05,0.2704331874847412,4.505948781967163,0.025082089,0.034794487,3075.359457361135,99.0,40000,13.200767517089844,0.003163572942161081,0.0026633641455367533,3101.4801443528268
255,469.9528124332428,3112.6858191071415,189.0042157005171,3214.187866386511,1651.3839537595086,103.94415570662461,0.05,0.2772655487060547,4.729342222213745,0.0250419,0.042275596,3079.092093535736,98.5,40000,13.30095100402832,0.0029026829959831377,0.0019094651369132474,3160.008903441728
256,474.50216603279114,3112.0753184129026,235.4971413124489,3206.051072611558,-48.6927740823896,81.52689033806365,0.05,0.27588343620300293,4.707196950912476,0.025317896,0.039232545,3082.3904160234524,99.0,40000,13.583405494689941,0.0015760436900427999,0.001042495017436272,3111.691267878361
257,473.5996005535126,3095.7089530737735,296.2234645869223,3224.3422646518547,-46.222250164091975,106.85586400309474,0.05,0.25101757049560547,4.484118938446045,0.025028553,0.038163137,3083.7222697284847,98.5,40000,13.20986557006836,0.0044508858607220205,0.0029664794387434853,3153.5789921227515
258,472.8856608867645,3113.314562113136,236.65333483408318,3214.134352891793,768.1718325693217,97.12064618927205,0.05,0.2706444263458252,4.660104274749756,0.025142986,0.0412433,3086.68149896695,98.5,40000,12.963964700698853,0.0035117109400347223,0.0021904745636186925,3154.7787334113927
259,467.9744670391083,3097.06301741345,257.12859597537874,3226.35613447085,223.26076382303637,94.71151228715644,0.05,0.25609517097473145,4.456242561340332,0.024980899,0.03783565,3087.7196508116003,99.5,40000,13.239945650100708,0.004265962663839136,0.0025035205259741292,3160.105338779131
260,470.072163105011,3085.546770667947,308.0914781758813,3206.113204930452,302.0694155751674,95.06925492843399,0.05,0.24944090843200684,4.3689045906066895,0.02510729,0.040655397,3087.502362797235,98.5,40000,13.313229084014893,0.005340468724509538,0.003811608409655849,3162.577115399959
261,470.7173156738281,3079.2461947464963,344.43927033255926,3214.1472025793423,-21.671928635997624,97.16196873588198,0.05,0.25315427780151367,4.343931198120117,0.024703864,0.04240887,3086.676745992161,98.5,40000,13.728149175643921,0.006886800646981509,0.004488477710712823,3160.4880610478717
262,470.52196407318115,3119.2403342632674,141.83148416608017,3215.9750170618972,1991.0843429988383,93.40832170761091,0.05,0.2547006607055664,4.393932342529297,0.024750512,0.07259874,3089.933104819272,100.0,40000,13.582704305648804,0.0026750515170137143,0.001422067193845676,3163.986701936922
263,468.4131896495819,3122.1663831198775,141.87898558356684,3223.7606775464087,1970.4029031563734,115.20040975789284,0.05,0.2714214324951172,4.773124694824219,0.024652435,0.03994989,3093.156432649333,100.0,40000,13.612183809280396,0.0022344295425278733,0.0016070565753456244,3170.568812359416
264,472.29690194129944,3127.9225459681106,134.7686654142351,3234.293827215076,1853.031592439317,110.0038615564739,0.05,0.25171399116516113,4.403308629989624,0.025029367,0.042047374,3096.633043981211,99.5,40000,13.654489040374756,0.0014672621899360777,0.0011107238581592983,3173.227014379152
265,470.8744604587555,3143.791661188529,118.77804478452065,3234.4629673570676,2012.4690170790645,111.93789039477174,0.05,0.2726013660430908,4.718314170837402,0.024956763,0.041361127,3101.348905701943,100.0,40000,13.290534019470215,0.0012792250893182175,0.000871280495424151,3171.925391183408
266,463.5465478897095,3135.8938528646872,135.21093396502826,3224.3517807746316,2073.370615779971,115.8262562693532,0.05,0.2736070156097412,4.81268572807312,0.0249852,0.040038113,3104.8034004182173,100.0,40000,13.099221229553223,0.002033169942414565,0.0015108424924379599,3185.0011034640356
267,471.5021662712097,3093.359609230598,352.8154503499475,3234.3787285619605,-40.01648422791875,91.20130214235148,0.05,0.27109384536743164,4.680469751358032,0.02482943,0.04150714,3103.659021299455,98.5,40000,13.269257307052612,0.006414455539940376,0.003912993411342237,3183.504003810857
268,471.3564603328705,3110.949188802119,333.1526480622677,3242.549660511472,-48.69626569263551,95.8940796172334,0.05,0.275393009185791,4.821674585342407,0.02506832,0.037659526,3104.3880380497217,99.0,40000,13.41800856590271,0.004191865539343379,0.0027139100184509655,3138.4462273732
269,470.1272852420807,3136.520789261799,250.83761418090555,3234.074847050276,-48.69108650422281,99.08467530845421,0.05,0.2533128261566162,4.62740421295166,0.02501027,0.032989997,3107.6013131709296,99.5,40000,13.383733749389648,0.002358875934967727,0.001691746105346963,3182.0462256631954
270,465.056467294693,3133.35820941198,254.48982833714152,3234.063511503499,-42.65923423310965,96.750680349853,0.05,0.25260305404663086,4.426943302154541,0.024752023,0.036003917,3110.1770027950347,99.0,40000,13.548349857330322,0.002261313226763479,0.0015647444527004603,3133.5161617384088
271,465.64236426353455,3105.298807981488,354.20310842598695,3232.164400766521,-48.61887393527533,78.87823063994749,0.05,0.2725064754486084,4.757153511047363,0.024838379,0.08178176,3109.68918331368,99.0,40000,13.478402853012085,0.00490176093379766,0.003485744969098237,3178.033572599508
272,466.4292254447937,3109.1721062205033,288.6709096149547,3246.6410153863453,-45.512213147428525,92.99587701820258,0.05,0.25234150886535645,4.351081609725952,0.024842905,0.04126579,3109.6374756043624,99.0,40000,13.061154842376709,0.004696523625648768,0.003195930450728613,3182.129374084217
273,464.3691563606262,3109.906368961063,299.62840593215515,3234.3684681156324,271.55519933900985,107.11415857738318,0.05,0.2623138427734375,4.663216590881348,0.024851497,0.038085263,3109.6643649400326,98.5,40000,13.146847486495972,0.005025465723499209,0.003768538238761941,3180.181611461157
274,467.8690299987793,3105.4592727553727,362.7329190816446,3234.5319158034854,-47.72185191595289,101.55859567339569,0.05,0.2465806007385254,4.572668075561523,0.024968108,0.038729694,3109.243855721567,99.0,40000,13.222142934799194,0.005385574518586947,0.003984550815073069,3181.359776103281
275,465.0191888809204,3127.587956596624,239.13199164802424,3242.2441273803247,364.2877408009879,101.07997423031182,0.05,0.2471325397491455,4.560258150100708,0.025066929,0.040135387,3111.078265809073,99.5,40000,13.335830926895142,0.0038179409045417992,0.0021130155738861276,3186.114506696031
276,466.29993891716003,3148.9011900519777,127.49865188469151,3244.145337074256,1982.986896993115,99.3995878574921,0.05,0.25220417976379395,4.371191740036011,0.025081655,0.055901643,3114.8605582333635,100.0,40000,13.389779090881348,0.0019904195655609386,0.0010102982694359108,3183.939734072017
277,467.2062873840332,3148.8520630812877,162.26993697424768,3252.5214743804054,1743.7160702511,114.076862114427,0.05,0.253737211227417,4.658353328704834,0.024936292,0.03758544,3118.2597087181557,99.0,40000,13.602669477462769,0.0019462816198242885,0.0014571106068530463,3184.2568898011355
278,467.14157724380493,3109.0961880790487,340.03171916675404,3244.5778834449075,-46.568344571542845,91.94469349469844,0.05,0.27062535285949707,4.667259454727173,0.025041318,0.040205564,3117.343356654245,98.5,40000,13.53520131111145,0.005604791185818005,0.004710717099325918,3121.8458394640434
279,472.5447447299957,3130.2249241758195,263.94011707656205,3244.431601532428,316.808078665631,97.34303153823765,0.05,0.256803035736084,4.735324144363403,0.025060974,0.043179907,3118.631513406402,98.5,40000,13.492514848709106,0.00386068851420196,0.0026060668345604795,3187.148102349622
280,465.4419243335724,3096.520341713779,410.9124028325267,3241.926927210745,-48.32745052107619,92.84302820211167,0.05,0.2602074146270752,4.781027317047119,0.025118649,0.037880074,3116.42039623714,98.0,40000,13.587224006652832,0.006160328793361433,0.004481617725707515,3124.2218469437194
281,465.08601427078247,3151.874457366492,131.9218233942732,3224.2979577491606,2032.934451852195,99.56209432131907,0.05,0.25470614433288574,4.333277702331543,0.024852678,0.07094879,3119.965802350075,99.5,40000,13.108165502548218,0.0019328067955403194,0.0010527454411266746,3189.191324869915
282,473.5219738483429,3149.9876352322094,242.61417643687912,3234.5357065452417,-48.4785193748252,96.33324708818067,0.05,0.2553853988647461,4.379601240158081,0.024996541,0.031838987,3122.9679856382886,99.5,40000,13.274816513061523,0.002249966990486296,0.0015855400027400756,3188.950353535152
283,469.90488481521606,3139.2194299424814,236.603200057588,3234.4281895317545,310.5192549709259,91.55943762834438,0.05,0.2694416046142578,4.681759834289551,0.025107596,0.047828265,3124.593130068708,98.5,40000,13.500073432922363,0.0035174597480130978,0.0022034039540724673,3177.354164977994
284,472.1506223678589,3095.8222534208826,425.609294851566,3234.475241280158,-48.23736933875822,97.50119395870072,0.05,0.24679780006408691,4.3625648021698,0.024828885,0.03794223,3121.7160424039257,97.5,40000,13.58841586112976,0.005798873657471516,0.0035111964526600018,3192.016115074753
285,467.02217650413513,3116.6771766811016,357.87261398162724,3234.5080434266806,-48.698057830027935,94.66036652068327,0.05,0.2503180503845215,4.388346433639526,0.024875334,0.045119606,3121.2121558316435,99.0,40000,13.608591079711914,0.004238997031507289,0.002876844368962771,3192.9238193706074
286,472.27423191070557,3093.09675249974,399.5034229460224,3243.955497533891,-47.440703442563034,83.9540902112215,0.05,0.24930405616760254,4.238181829452515,0.024966931,0.044921737,3118.400615498453,97.5,40000,13.699952840805054,0.007364791474581242,0.005144908755040078,3130.365862418844
287,469.97744369506836,3137.967624072447,203.0438826627499,3234.440597819292,1420.4179732105185,104.60953018834608,0.05,0.2503829002380371,4.2872397899627686,0.02471607,0.039983504,3120.3573163558526,99.5,40000,13.641417980194092,0.004058028709352019,0.002251232564111199,3155.1072043935787
288,467.39915800094604,3092.6173088826913,445.03880808861635,3244.5470473760006,-48.36688535720175,95.42818932957961,0.05,0.2508504390716553,4.181633472442627,0.025150834,0.04031703,3117.5833156085364,98.0,40000,13.698667287826538,0.01174594489073184,0.004708422197537991,3151.1685028813754
289,465.14096784591675,3128.4775975002626,259.9564775352716,3244.502598858572,441.8396809217155,95.4034682744522,0.05,0.2475430965423584,4.213216304779053,0.02501052,0.04497063,3118.6727437977092,99.5,40000,13.134121179580688,0.004604336479060803,0.0030171328989988325,3193.8910108994296
290,467.8862113952637,3163.4363975542237,140.22784300399962,3254.528865901092,1705.70700336067,77.96617408660765,0.05,0.2503223419189453,4.185505628585815,0.024900408,0.060756605,3123.1491091733606,99.5,40000,13.179566860198975,0.0022310461497927338,0.000805422036167925,3195.344048537957
291,472.43925166130066,3148.7813364234585,151.5366511453153,3234.385752453025,2032.9378622800932,101.56641337272863,0.05,0.25171446800231934,4.338816165924072,0.024922693,0.044317115,3125.7123318983704,100.0,40000,13.122273683547974,0.0021454491442871298,0.0014883059429504821,3196.7384726380837
292,466.7483718395233,3130.650558430038,246.10424979834664,3242.1472289241738,1460.4107946645952,109.0124304723216,0.05,0.2514607906341553,4.34251594543457,0.024821896,0.040689494,3126.206154551537,98.0,40000,12.805423736572266,0.004311456996494695,0.003065138218007313,3199.2041435435453
293,466.31063985824585,3099.2311877296106,419.4725180640266,3244.493315324967,-45.64048363213905,92.71187688139264,0.05,0.2517824172973633,4.370605707168579,0.024850946,0.041595418,3123.5086578693445,98.0,40000,13.389715194702148,0.009569993397641056,0.005008769107674403,3200.5461211659513
294,466.2615041732788,3150.5878449903557,156.52710067428518,3234.5386709819636,1782.897090917618,101.54387033577592,0.05,0.25427722930908203,4.702389240264893,0.024583424,0.0424696,3126.2165765814457,99.0,40000,13.547932863235474,0.002148055394862252,0.0016024282287684828,3152.6624912888637
295,467.3261616230011,3136.8143855500875,287.67689065907615,3242.463544936892,-46.800049481633046,99.36002439196419,0.05,0.2530796527862549,4.701354026794434,0.024826558,0.0376587,3127.27635747831,98.5,40000,13.491108417510986,0.0037272586546293184,0.0026930610055346566,3203.7659145512353
296,472.0505998134613,3139.7921293515396,308.4904987380401,3243.9390514650336,-44.88024234092203,94.06906365688974,0.05,0.26868629455566406,4.7758660316467285,0.025094511,0.038454678,3128.527934665633,99.0,40000,13.244924545288086,0.003925866855515036,0.002920305637798618,3203.9909917579616
297,472.60409355163574,3142.3591940567667,289.3224743366132,3242.3797479835484,310.04089178857646,89.6827803557052,0.05,0.2769663333892822,4.768148183822632,0.025030212,0.04333084,3129.9110606047466,99.0,40000,12.953906059265137,0.0039056767146699416,0.0024996743244105786,3201.051495488779
298,470.7619171142578,3135.461136594669,368.6921013654477,3244.557468085348,-48.68718758355839,88.6048582107258,0.05,0.25559449195861816,4.652894020080566,0.025098408,0.04439592,3130.466068203739,98.5,40000,13.041860818862915,0.004254457327985888,0.0030737600782137393,3199.7282574947567
299,465.91420435905457,3139.561836811387,287.3706791628,3234.402331252799,-43.08669778663703,84.5992045784984,0.05,0.25128984451293945,4.426669359207153,0.025005015,0.03931789,3131.3756450645037,99.0,40000,13.388116836547852,0.004530713351726304,0.0029221596954052084,3200.796521651918
